filename,anomaly_score_mean,anomaly_score_max
002.png,0.07140316814184189,1.0
003.png,0.1045878678560257,1.0
004.png,0.10949452966451645,1.0
005.png,0.11158299446105957,1.0
007.png,0.11467572301626205,1.0
009.png,0.07348735630512238,1.0
010.png,0.11424422264099121,1.0
011.png,0.10455084592103958,1.0
012.png,0.11043405532836914,1.0
014.png,0.07856233417987823,1.0
015.png,0.09225010126829147,1.0
017.png,0.0736115574836731,1.0
018.png,0.07050644606351852,1.0
019.png,0.09293367713689804,1.0
